<?xml version="1.0"?>
<data grt_format="2.0">
  <value _ptr_="00000281D4957450" type="list" content-type="object" content-struct-name="db.mgmt.Connection">
    <value type="object" struct-name="db.mgmt.Connection" id="{0E0956DC-B937-4A91-AD02-39E842D6525B}" struct-checksum="0x96ba47d8">
      <link type="object" struct-name="db.mgmt.Driver" key="driver">com.mysql.rdbms.mysql.driver.native</link>
      <value type="string" key="hostIdentifier">Mysql@127.0.0.1:3306</value>
      <value type="int" key="isDefault">1</value>
      <value _ptr_="00000281D5B211E0" type="dict" key="modules"/>
      <value _ptr_="00000281D5B20A00" type="dict" key="parameterValues">
        <value type="string" key="SQL_MODE"></value>
        <value type="string" key="hostName">127.0.0.1</value>
        <value type="int" key="lastConnected">1697136366</value>
        <value type="string" key="password"></value>
        <value type="int" key="port">3306</value>
        <value type="string" key="schema"></value>
        <value type="string" key="serverVersion">8.0.34</value>
        <value type="string" key="sslCA"></value>
        <value type="string" key="sslCert"></value>
        <value type="string" key="sslCipher"></value>
        <value type="string" key="sslKey"></value>
        <value type="int" key="useSSL">1</value>
        <value type="string" key="userName">root</value>
      </value>
      <value type="string" key="name">last connection</value>
      <link type="object" struct-name="GrtObject" key="owner">{39921892-28C2-4DD6-AEBC-E0DE9F998267}</link>
    </value>
  </value>
</data>
